japanese,english,tags
　　役員会,Board of Trustees,運営組織
　　総長選考会議,Presidential Selection Committee,運営組織
　　経営協議会,Administrative Council,運営組織
　　教育研究評議会,Education and Research Council,運営組織
　　部局長会議,Council of Deans and Directors,運営組織
　　事務協議会,Council for Administrative Staff,運営組織
　　学術研究機構会議,Research Council,運営組織
　　附属病院連携機構会議,Osaka University Hospital Council,運営組織
　　ハラスメント相談室,Counseling Office (Harassment Related Matters),運営組織
　　情報推進機構,Office for Information and Communications Technology Services,運営組織
　　キャンパスライフ支援センター,Support Center for Campus Life,運営組織
障害学生支援ユニット,Student Disability Services,運営組織
　　  学生生活支援ユニット,Student Counseling and Consultation Services,運営組織
　　　キャリア支援ユニット,Career Development Services,運営組織
ファシリティ・マネジメント室,Facility Management Office,運営組織
　　安全衛生管理部,Department of Safety and Hygiene,運営組織
　　環境・エネルギー管理部,Department of Environment and Energy Management,運営組織
　　法務室,Office of the General Counsel,運営組織
評価・情報分析室,Office for Institutional Research and Evaluation,運営組織
大阪大学アーカイブズ,Osaka University Archives,運営組織
　　男女共同参画推進オフィス,Gender Equality Promotion Office,運営組織
クリエイティブユニット,Creative Unit,運営組織
　　基金室,Office for Osaka University Funds,運営組織
大型教育研究プロジェクト支援室,Support Office for Large-Scale Education and Research Projects,運営組織
キャンパスデザイン室,Campus Design Laboratory,運営組織
ハウジングオフィス,Housing Office,運営組織
　附属図書館,University Libraries,教育研究組織等
総合図書館,Main Library,教育研究組織等
　　生命科学図書館,Life Sciences Library,教育研究組織等
　　理工学図書館,Science and Engineering Library,教育研究組織等
　　外国学図書館,International Studies Library,教育研究組織等
　学部,Schools/Faculty,教育研究組織等
　　文学部,School of Letters,教育研究組織等
　　人間科学部,School of Human Sciences,教育研究組織等
　　外国語学部,School of Foreign Studies,教育研究組織等
　　法学部,School of Law,教育研究組織等
　　経済学部,School of Economics,教育研究組織等
　　理学部,School of Science,教育研究組織等
　　医学部,Faculty of Medicine,教育研究組織等
　　歯学部,School of Dentistry,教育研究組織等
　　薬学部,School of Pharmaceutical Sciences,教育研究組織等
　　工学部,School of Engineering,教育研究組織等
　　基礎工学部,School of Engineering Science,教育研究組織等
　大学院,Graduate Schools,教育研究組織等
　　大学院文学研究科,Graduate School of Letters,教育研究組織等
　　大学院人間科学研究科,Graduate School of Human Sciences,教育研究組織等
　　大学院法学研究科,Graduate School of Law and Politics,教育研究組織等
　　大学院経済学研究科,Graduate School of Economics,教育研究組織等
　　大学院理学研究科,Graduate School of Science,教育研究組織等
　　大学院医学系研究科,Graduate School of Medicine,教育研究組織等
　　大学院歯学研究科,Graduate School of Dentistry,教育研究組織等
　　大学院薬学研究科,Graduate School of Pharmaceutical Sciences,教育研究組織等
　　大学院工学研究科,Graduate School of Engineering,教育研究組織等
　　大学院基礎工学研究科,Graduate School of Engineering Science,教育研究組織等
　　大学院言語文化研究科,Graduate School of Language and Culture,教育研究組織等
　　大学院国際公共政策研究科,Osaka School of International Public Policy,教育研究組織等
　　大学院情報科学研究科,Graduate School of Information Science and Technology,教育研究組織等
　　大学院生命機能研究科,Graduate School of Frontier Biosciences,教育研究組織等
大学院高等司法研究科,Osaka University Law School,教育研究組織等
大阪大学・金沢大学・浜松医科大学・千葉大学・福井大学 小児発達学研究科,"United Graduate School of Child Development, Osaka University, Kanazawa University, Hamamatsu University School of Medicine, Chiba University and University of Fukui",教育研究組織等
　附置研究所,Research Institutes,教育研究組織等
　　微生物病研究所,Research Institute for Microbial Diseases,教育研究組織等
　　産業科学研究所,The Institute of Scientific and Industrial Research,教育研究組織等
　　蛋白質研究所,Institute for Protein Research,教育研究組織等
　　社会経済研究所,Institute of Social and Economic Research,教育研究組織等
　　接合科学研究所,Joining and Welding Research Institute,教育研究組織等
　学内共同教育研究施設,Joint-Use Facilities,教育研究組織等
　　コミュニケーションデザイン･センター,Center for the Study of Communication-Design,教育研究組織等
　　グローバルコラボレーションセンター,Global Collaboration Center,教育研究組織等
　　低温センター,Low Temperature Center,教育研究組織等
　　超高圧電子顕微鏡センター,Research Center for Ultra-High Voltage Electron Microscopy,教育研究組織等
　　ラジオアイソトープ総合センター,Radioisotope Research Center,教育研究組織等
　　環境安全研究管理センター,Research Center for Environmental Preservation,教育研究組織等
国際教育交流センター,Center for International Education and Exchange,教育研究組織等
　　生物工学国際交流センター,International Center for Biotechnology,教育研究組織等
　　極限量子科学研究センター,Center for Quantum Science and Technology under Extreme Conditions,教育研究組織等
　　太陽エネルギー化学研究センター,Research Center for Solar Energy Chemistry,教育研究組織等
　　総合学術博物館,The Museum of Osaka University,教育研究組織等
　　保健センター,Health Care Center,教育研究組織等
臨床医工学融合研究教育センター,The Center for Advanced Medical Engineering and Informatics,教育研究組織等
　　金融・保険教育研究センター,Center for the Study of Finance and Insurance,教育研究組織等
　　科学教育機器リノベーションセンター,Renovation Center of Instruments for Science Education and Technology,教育研究組織等
　　日本語日本文化教育センター,Center for Japanese Language and Culture,教育研究組織等
　　環境イノベーションデザインセンター,Center for Environmental Innovation Design for Sustainability,教育研究組織等
ナノサイエンスデザイン教育研究センター,Institute for NanoScience Design,教育研究組織等
　　知的財産センター,Intellectual Property Center,教育研究組織等
　全国共同利用施設,National Joint-Use Facilities,教育研究組織等
　　核物理研究センター,Research Center for Nuclear Physics,教育研究組織等
　　サイバーメディアセンター,Cybermedia Center,教育研究組織等
　　レーザーエネルギー学研究センター,Institute of Laser Engineering,教育研究組織等
世界トップレベル国際研究拠点形成促進プログラム,World Premier International Research Center (WPI) Initiative,教育研究組織等
　　免疫学フロンティア研究センター,Immunology Frontier Research Center,教育研究組織等
附属教育研究施設等,Facilities Attached to Schools and Research Institutes,教育研究組織等
　　動物実験施設(医),Institute of Experimental Animal Sciences,教育研究組織等
　　歯科技工士学校(歯),Dental Technology Institute,教育研究組織等
口腔科学フロンティアセンター(歯),Center for Frontier Oral Science,教育研究組織等
　　比較行動実験施設(院人),Ethological Studies Laboratory,教育研究組織等
　　法政実務連携センター(院法),Center for Legal and Political Practice,教育研究組織等
　　構造熱科学研究センター(院理),Research Center for Structural Thermodynamics,教育研究組織等
　　基礎理学プロジェクト研究センター(院理),Project Research Center for Fundamental Sciences,教育研究組織等
　　共同研究実習センター(院医),Center for Medical Research and Education,教育研究組織等
　　ツインリサーチセンター(院医),Center for Twin Research,教育研究組織等
　　PET分子イメージングセンター(院医),PET Molecular Imaging Center,教育研究組織等
　　薬用植物園(院薬),Experimental Institute for Medicinal Plants,教育研究組織等
　　実践薬学教育研究センター（院薬）,Center for Advanced Education and Research in Pharmaceutical Sciences,教育研究組織等
　　創薬センター(院薬),Drug Innovation Center,教育研究組織等
　　超精密科学研究センター(院工),Research Center for Ultra-Precision Science and Technology,教育研究組織等
アトミックデザイン研究センター(院工),Center for Atomic and Molecular Technologies (CAMT),教育研究組織等
　　フロンティア研究センター(院工),Frontier Research Center,教育研究組織等
サスティナビリティデザインオンサイト研究センター(院工),On-site Research Center for Sustainability Design,教育研究組織等
高度人材育成センター(院工),Continuing Professional Development Center,教育研究組織等
構造・機能先進材料デザイン教育研究センター(院工),Education and Research Center for Advanced Structural and Functional Materials Design,教育研究組織等
　　子どものこころの分子統御機構研究センター(連小),Molecular Research  Center for Children's Mental Development,教育研究組織等
　　感染動物実験施設(微),Animal Resource Center for Infectious Diseases,教育研究組織等
　　感染症ＤＮＡチップ開発センター(微),DNA-chip Development Center for Infectious Diseases,教育研究組織等
　　遺伝情報実験センター(微）,Genome Information Research Center,教育研究組織等
難治感染症対策研究センター(微),Research Center for Infectious Disease Control,教育研究組織等
　　感染症国際研究センター(微),International Research Center for Infectious Diseases,教育研究組織等
　　生体応答遺伝子解析センター(微),Center for Genetic Analysis of Biological Responses,教育研究組織等
　　産業科学ナノテクノロジーセンター(産),Nanoscience and Nanotechnology Center,教育研究組織等
　　総合解析センター(産),Comprehensive Analysis Center,教育研究組織等
　　量子ビーム科学研究施設(産),Research Laboratory for Quantum Beam Science,教育研究組織等
　　産業科学連携教育推進センター(産),Center for Collaborative Research Education and Training,教育研究組織等
　　国際共同研究センター(産),International Collaborative Research Center,教育研究組織等
　　蛋白質解析先端研究センター(蛋),Research Center for State-of-the-art Functional Protein Analysis,教育研究組織等
　　行動経済学研究センター(社),Research Center for Behavioral Economics,教育研究組織等
　　スマートプロセス研究センター(接),Smart Processing Research Center,教育研究組織等
　附属病院,University Hospitals,教育研究組織等
　　医学部附属病院,Osaka University Hospital,教育研究組織等
　　歯学部附属病院,Osaka University Dental Hospital,教育研究組織等
　海外拠点本部,Supervisory Office for Overseas Centers for Education and Research,教育研究組織等
サンフランシスコ教育研究センター,San Francisco Center for Education and Research,教育研究組織等
　　グローニンゲン教育研究センター,Groningen Center for Education and Research,教育研究組織等
　　バンコク教育研究センター,Bangkok Center for Education and Research,教育研究組織等
上海教育研究センター,Shanghai Center for Education and Research,教育研究組織等
　　未来戦略機構,Institute for Academic Initiatives,教育研究組織等
戦略企画室,Strategic Planning Office,教育研究組織等
　　全学教育推進機構,Center for Education in Liberal Arts and Sciences,教育研究組織等
　　産学連携本部,Office for University-Industry Collaboration,教育研究組織等
　　学際融合教育研究センター,Center for Interdisciplinary Research and Education,教育研究組織等
21世紀懐徳堂,Kaitokudo for the 21st Century,教育研究組織等
　　適塾記念センター,Tekijuku Commemoration Center,教育研究組織等
　　寄附講座,Endowed Chair,教育研究組織等
共同研究講座,Joint Research Chair,教育研究組織等
　　協働研究所,Research Alliance Laboratories,教育研究組織等
　　バイオ関連多目的研究施設,Open Laboratories for Advanced Bioscience and Biotechnology,教育研究組織等
　　中之島センター,Osaka University Nakanoshima Center,教育研究組織等
　　インターナショナル・カレッジ,International College,教育研究組織等
　　脳情報通信融合研究センター,Center for Information and Neural Networks,教育研究組織等
　　サポートオフィス,Support Office for International Students and Scholars,教育研究組織等
　　大阪大学会館,Osaka University Hall,教育研究組織等
　　湯川記念室,Osaka University Yukawa Memorial,教育研究組織等
　　待兼山修学館,Machikaneyama Museum,教育研究組織等
本部事務機構,Administration Bureau,事務組織等
　各部（事務部）／オフィス,Department (Administration Department),事務組織等
　  各課（室）,Division (Office),事務組織等
　  　各係,Section,事務組織等
国際交流オフィス,Department of International Affairs,事務組織等
　　国際交流課,International Affairs Division,事務組織等
　　学生交流推進課,International Student Affairs Division,事務組織等
　　　大学国際化ネットワーク事業事務室,Global 30 Liaison Office (Office for Establishing University Networks for Internationalization),事務組織等
　広報・社学連携オフィス,Department of Publicity and University-Community Collaboration,事務組織等
　　　広報課,Public Relations Division,事務組織等
　　社学連携課,University-Community Division,事務組織等
総務企画部,Department of General Affairs and Planning,事務組織等
　　総務課,General Affairs Division,事務組織等
文書管理室,Document Management Office,事務組織等
　　総長秘書室,Secretarial Office for the President,事務組織等
　　人事課,Personnel Division,事務組織等
経営企画課,Management Planning Division,事務組織等
　　　ハラスメント対策事務室,Administrative Office for Harassment Countermeasures,事務組織等
　　　多様な人材活用推進支援室,Support Office for Diversity Promotion in Human Resources,事務組織等
研究推進部,Department of Research Promotion,事務組織等
　　研究推進課,Research Promotion Division,事務組織等
　  産学連携課,University-Industry Collaboration Division,事務組織等
大型教育研究プロジェクト支援事務室,Administrative Office for Large-Scale Education and Research Projects,事務組織等
　財務部,Department of Finance,事務組織等
　　財務課,Finance Division,事務組織等
　  資金管理課,Accounting Division,事務組織等
　  資産決算課,Property and Account Settlement Division,事務組織等
　　 吹田調達センター室,Suita Procurement Center,事務組織等
　　 豊中調達センター室,Toyonaka Procurement Center,事務組織等
　　　基金事務室,Administrative Office for Osaka University Funds,事務組織等
　　情報推進部,Department of Information and Communications Technology Services,事務組織等
　　　情報企画課,Information and Communications Technology Services Planning Division,事務組織等
　　　情報基盤課,Information and Communications Technology Services Infrastructure Division,事務組織等
学生部,Department of Student Affairs,事務組織等
　　学務課,Student Affairs Division,事務組織等
　　　学生・キャリア支援課,Campus Life and Career Support Division,事務組織等
　　入試課,Admission Division,事務組織等
学生センター,Student Center,事務組織等
　　　吹田学生センター,Suita Student Center,事務組織等
　　　豊中学生センター,Toyonaka Student Center,事務組織等
　　　箕面学生センター,Minoh Student Center,事務組織等
施設部,Department of Facilities,事務組織等
　　企画課,Facilities Planning Division,事務組織等
　　管理計画課,Facilities Management and Planning Division,事務組織等
　　整備課,Facilities Design and Improvement Division,事務組織等
監査室,Audit Office,事務組織等
不正使用防止計画推進室,Office for the Proper Usage of Research Grants,事務組織等
環境・エネルギー管理課,Environment and Energy Management Division,事務組織等
ハウジング課,Housing Division,事務組織等
未来戦略支援事務室,Office for Academic Initiatives,事務組織等
　　  庶務,General Affairs,事務組織等
　　  会計,Accounting,事務組織等
　　  教務,Educational Affairs,事務組織等
総長室,President's Office,事務組織等
理事室,Trustees' Office,事務組織等
監事室,Auditors' Office,事務組織等
来賓室,Guest Room,事務組織等
会議室,Conference Room,事務組織等
入札室,Tendering Office,事務組織等
休養室,Staff Room,事務組織等
談話室,Meeting Room,事務組織等
役員会議室,Trustees' Conference Room,事務組織等
総長、学長,President,職名
副学長,Vice-President,職名
監事,Auditor,職名
理事/役員,Trustee,職名
理事補佐,Advisor to the Vice President/ Advisor to the Trustees/ Advisor to Osaka University Trustees,職名
　　有識者,Eminent person,職名
　評議員,Member of University Council,職名
　　総長補佐,Advisor to the President/ Presidential Aide,職名
　学部長、研究科長,Dean,職名
　　研究科長補佐,Advisor to the Dean,職名
　副学部長、副研究科長,Associate Dean,職名
附属図書館長、附置研究所長、学,Director,職名
内共同教育研究施設長、,,職名
　　附属図書館副館長,Vice Director,職名
　  附属教育研究施設長、附属病院長、全国共同,Director,職名
利用施設長,,職名
　　機構長、本部長、拠点長,Director,職名
　　　（例）国際交流室長,Director of International Affairs Board,職名
　　副センター長,Vice Director,職名
　  ガイダンス室長,"Chief, Student Guidance Room",職名
　　海外教育研究センター,Supervisory Office for Overseas Centers for Education and Research,職名
　　　センター長,Director,職名
　　　副センター長,Deputy Director,職名
　　　現地職員,Assistant to Director,職名
総合研究調整役,Integrative Research Coordinator,職名
　　教職員,Osaka University Staff,職名
　　任期付教職員,Osaka University Limited Term Staff,職名
　　常勤職員,Full-time Employee,職名
　　非常勤職員,Part-time Employee,職名
　　非常勤職員（定時勤務職員）,Temporary Full-time Staff,職名
　　非常勤職員（短時間勤務職員）,Temporary Part-time Staff,職名
　　非常勤職員（定時教育研究等職員）,Temporary Full-time Education and Research Staff,職名
　　非常勤職員（短時間教育研究等職員）,Temporary Part-time Education and Research Staff,職名
　非常勤講師,Part-time Lecturer,職名
　　非常勤研究員,Part-time Researcher,職名
　　名誉教授,（単）Professor Emeritus　（複）Professors Emeriti,職名
　　特別栄誉教授,Distinguished Honorary Professor,職名
特別教授,Distinguished Professor,職名
　　教員,Academic Staff,職名
　　　教授,Professor,職名
　　　准教授,Associate Professor,職名
　　　講師,Associate Professor,職名
　　　助教,Assistant Professor,職名
　　　助手,Assistant,職名
寄附講座教授,Endowed Chair Professor,職名
特任教授(常勤）（非常勤）,Specially Appointed Professor,職名
特任研究員,Specially Appointed Researcher/Specially Appointed Fellow,職名
　　事務職員,Administrative Staff,職名
　　　部長（事務部長）／オフィス長,Director  (Director of Administrative Department),職名
次長,Vice Director,職名
　　　課長（事務長、室長）,Head,職名
　課長補佐 (室長補佐、事務長補佐）,Assistant Head,職名
　　専門員,Senior Specialist,職名
　　専門職員,Specialist,職名
　　　係長,Chief,職名
　　　主任,Deputy Chief,職名
　　　係員,Administrative Employee / Administrative Personnel,職名
　　技術職員,Technical Staff,職名
　　図書職員,Librarian,職名
　　技能職員,Technician,職名
　　労務職員,Laborer,職名
　　教務職員,Educational Support Staff,職名
　　医員(医師）（歯科医師）,Resident/medical doctor,職名
　　医員（研修医）(研修歯科医）,Junior-Resident,職名
　外国人教師,Visiting Lecturer,職名
　　外国人招へい教員,Visiting Instructor,職名
　外国人研究員,Visiting Research Scholar,職名
　　外国人研究者,Visiting Scholar,職名
外国人特別研究員（日本学術振興会）,JSPS Postdoctoral Fellowship for Foreign Researcher,職名
外国人著名研究者（日本学術振興会）,JSPS Special Guest Professor,職名
外国人招へい研究者（日本学術振興会）,JSPS Research Fellow,職名
　外国人招へい研究員,Research Fellow,職名
　　中国政府派遣研究員,Chinese Government-sponsored Researcher,職名
　大阪大学招へい教授,Osaka University Guest Professor,職名
　　外国人受託研修員,Japan International Cooperation Agency Trainee,職名
　客員教授,Visiting Professor,職名
　客員准教授,Visiting Associate Professor,職名
共同研究員,Joint Research Collaborator,職名
受託研究員,Contract Researcher,職名
　　ＳＴＡ,Senior Teaching Assistant,職名
　　ＪＴＡ,Junior Teaching Assistant,職名
　　ＴＡ,Teaching Assistant,職名
　　ＲＡ,Research Assistant/ Research Associate,職名
　　研究支援者,Research Collaborator (GASR-funded),職名
　　招へい教員,Visiting Academic Staff,職名
招へい研究員,Visiting Fellow/Visiting Researcher,職名
　　招へい教授,Guest Professor,職名
　　招へい准教授,Guest Associate Professor,職名
　教授会,Faculty Meeting,委員会等
　　委員会,Committee,委員会等
　　 （例）国際交流委員会,International Affairs Committee,委員会等
　論文審査委員会,Dissertation Committee,委員会等
　 大学院‥‥研究科委員会,Faculty Meeting of the Graduate School of ‥‥,委員会等
　　代議員会,Delegate Assembly,委員会等
　　委員,Committee Member,委員会等
　　議題,agenda/ program,委員会等
　　議事録,minutes,委員会等
　　起案,draft,委員会等
　　決裁,approval/ decision,委員会等
学内規程,Campus Regulations,委員会等
公文書,official documents,委員会等
公印,official seal,委員会等
　　大学改革,university reform,総務
　　自己点検・評価,self-evaluation,総務
　　大学評価,Accreditation (evaluation of universities),総務
　　通知文書,notice,総務
　　文書,documents/ papers/ record,総務
　　回覧する,circulate a memo,総務
　　人事異動,personnel change,人事
　　採用する,employ,人事
　　配置換する,change positions,人事
　　昇任する,promote,人事
　　兼業,outside assignment,人事
　　兼務,supplementary assignment,人事
　　退職（定年）,retire (retirement age),人事
　　出張（外国出張）,business trip (overseas business trip),人事
　　研修（海外研修）,training (overseas training),人事
　　渡航先,destination,人事
勤務時間,working hours,人事
休憩時間,break,人事
年次有給休暇,annual leave/annual paid leave (paid vacation),人事
特別休暇,special leave,人事
　　出勤簿,attendance record,人事
　　人事記録,personnel record,人事
身分証明書,identification = I.D.,人事
　　給与（基本給、給料日）,"salary (basic salary, payday)",人事
　　基本給決定,salary decision,人事
昇給,pay rise/ raise,人事
　　賞与,bonus,人事
　　給与明細,salary slip,人事
手取額,net salary,人事
　　手当,allowance,人事
　通勤手当,commuting allowance,人事
　　　住居手当,housing allowance,人事
　　　扶養手当,dependent allowance,人事
　　　超過勤務手当,overtime allowance,人事
期末手当,end of term bonus,人事
業績手当,accomplishment-based bonus,人事
　　特別昇給,special raise,人事
　　雇用契約,employment contract,人事
　　契約更新,contact renewal,人事
　　招へい状,invitation letter/ letter of invitation,人事
　　履歴書,curriculum vitae (C.V.)/ resume,人事
　　グローバル化推進教授招へいプログラム,International Faculty Member Invitation Program,人事
　　大阪大学総長顕彰,Osaka University Presidential Awards for Outstanding Achievement,人事
　　大阪大学総長奨励賞,Osaka University Presidential Awards for Outstanding Contribution,人事
　　大阪大学総長による表彰,Presidential Awards for Excellence,人事
　　会計年度,fiscal year,経理
　　予算（平成21年度予算）,budget (the budget for the fiscal year 2009-2010),経理
　　国家予算,national budget,経理
　　予算制度,budget system,経理
　　概算要求,budget request,経理
　　　本予算（当初予算）,principal budget (original budget),経理
　　　補正予算,supplementary budget,経理
　　　暫定予算,provisional budget,経理
　　　一般会計予算,general budget/ general account budget,経理
　　　運営費交付金,Management Expenses Grant,経理
総長裁量経費,(President's) Discretionary Fund,経理
予算案,draft budget,経理
　予算編成,budget drafting,経理
　　　予算の査定,budget assessment,経理
　予算の削減,budget reduction,経理
　予算の増加,budget increase,経理
　　決算,closing accounts,経理
　収入,income,経理
　　　支出,outgo,経理
財務諸表,financial statement,経理
　損益計算書,statement of profit and loss,経理
　　　貸借対照表,balance sheet,経理
　契約,contract,経理
旅費,travel expenses,経理
　　　航空賃,airfare,経理
　鉄道賃,train fare,経理
　　　日当・宿泊料,daily allowance (per diem)・hotel charges［expenses］,経理
　招へい（赴任）旅費,travel expenses (moving expenses),経理
　帰国旅費,repatriation expenses,経理
使用料,rental fee,経理
　　請求書,bill/ invoice,経理
　　見積書,estimate,経理
　　納品書,delivery notice,経理
　　明細書,detailed statement,経理
　　領収書,receipt,経理
　　仕様書,specification,経理
　　請求額,amount due,経理
　　領収額,amount received,経理
　　所得税,income tax,経理
　　住民税,resident tax,経理
年金,pension,経理
　　　退職共済年金,Retirement Mutual Aid Pension,経理
　　　老齢基礎年金,Basic Pension for Senior Citizens,経理
　　健康保険,health insurance,経理
　　文部科学省共済組合,"Ministry of Education, Culture, Sports, Science and Technology  Mutual Society of Health Insurance",経理
　　組合員,"member of Ministry of Education, Culture, Sports, Science and Technology Mutual Society of Health  Insurance",経理
　　共済掛け金,insurance premium,経理
　　扶養家族（配偶者）,dependent (spouse),経理
　　未来基金,Osaka University Foundation for the Future,経理
　　教育制度,education system,教務
　　学年,academic year,教務
　  　学科（学部）,Department,教務
　  　講座 (学部),Course,教務
　  　専攻 (大学院),Department/Field of specialization,教務
　  　講座 (大学院),Course,教務
　学科目,Subjects,教務
　部門,Division,教務
　授業科目,subject,教務
　  　必修科目,required subjects,教務
　  　選択科目,elective subjects,教務
　  　共通教育系科目,general education subjects,教務
　  　専門教育系科目,major subjects,教務
　  　教職教育科目,subjects for teaching credential,教務
　  　国際交流科目,international exchange subjects,教務
　学年暦,academic calendar,教務
　　学期,semester,教務
　  　前期,first semester,教務
　  　後期,second semester,教務
　単位,credit,教務
　履修方法,registration procedure,教務
　　授業,class,教務
　講義,lecture,教務
　　　集中講義,intensive course,教務
　  　特別（特殊）講義,special lecture,教務
　  　演習、実験、実習,"（例）seminar, laboratory work, practical training, etc.",教務
　在学年数,years enrolled,教務
　卒業要件,requirements for graduation (of the Undergraduate Course),教務
　　卒業年限,years required for completion of course of study,教務
　修了要件,requirements for completion (of the Graduate Course),教務
　卒業論文,bachelor's thesis,教務
　  修士論文,master's thesis,教務
　  博士論文,doctoral dissertation (thesis),教務
　学士の学位,bachelor's degree,教務
　  修士の学位,master's degree,教務
　  博士の学位,doctor's degree (Ph.D.),教務
　　学位,degree,教務
正規課程,regular (degree) program,教務
学部,undergraduate program,教務
　　　大学院,graduate program,教務
非正規課程,non-degree program,教務
　修士課程／前期課程,master course,教務
　博士課程／後期課程,doctor course,教務
　学部学生,undergraduate student,教務
　大学院学生,graduate student,教務
　正規学生,regular student/ full-time student/ matriculated student,教務
　非正規学生,non-regular student,教務
　　留学生,international student,教務
国費外国人留学生,Japanese Government Scholarship Student,教務
　　外国政府派遣留学生,foreign government-sponsored student,教務
　　私費外国人留学生,unsponsored international students,教務
　中国医学研修生,Chinese Medical Research Fellow,教務
　研究生,research student/ non-degree research student,教務
　聴講生,auditor,教務
　　科目等履修生、選科生,Credited Auditor,教務
　特別聴講学生,special auditor,教務
　特別研究学生,special research student,教務
　　短期留学生,short-term exchange student,教務
　　入学,admission,教務
　　入学資格,qualification for admission,教務
入学試験,entrance examination,教務
　　大学入試センター試験,the first stage entrance examination given by the National Center for University Entrance Examinations,教務
　　個別学力検査等,the second stage entrance examination given by each university,教務
　　外国人特別入試,special entrance examination for non-Japanese applicants,教務
日本留学試験,Examination for Japanese University Admission for International  Students(EJU),教務
　　筆記試験,written examination,教務
口頭試験,oral examination,教務
　 入学検定料,application fee/ entrance examination fee,教務
　入学料,enrollment fee,教務
　授業料,tuition fee,教務
免除,exemption,教務
奨学金,Scholarships and Loans,教務
　博士課程教育リーディングプログラム,Program for Leading Graduate Schools,教務
　　超域イノベーション博士課程プログラム,Cross-Boundary Innovation Program,教務
生体統御ネットワーク医学教育プログラム,Interdisciplinary Program for Biomedical Sciences,教務
　　インタラクティブ物質科学・カデットプログラム,Interactive Materials Science Cadet Program,教務
　　ヒューマンウェアイノベーション博士課程プログラム,Humanware Innovation Program,教務
　　未来共生イノベーター博士課程プログラム,Doctoral Program for Multicultural Innovation,教務
　　創薬基盤科学研究部門,Division of Innovative Research for Drug Development,教務
　　認知脳システム学研究部門,Division of Cognitive Neuroscience Robotics,教務
　　光量子科学研究部門,Division of Photon Science and Technology,教務
　　大阪大学短期留学特別プログラム(OUSSEP),Osaka University Short-term Student Exchange Program,教務
大学院等高度副プログラム,Graduate Program for Advanced Interdisciplinary Studies,教務
大学院科目等履修生高度プログラム,Advanced Programs for Credited Auditors,教務
大学院副専攻プログラム,Graduate Minor Program,教務
知のジムナスティックス(高度教養プログラム),Intellectual gymnastics(Advanced programs in liberal arts and sciences),教務
　　指導教員,supervisor,教務
成績,evaluation grade = grade,教務
　　　優／良／可／不可,excellent / good / fair / fail,教務
　　証明書（学生証）,certificate (student I.D.),教務
（学位の）修了証,Degree Certificate,教務
（一般的な）修了証,Certificate of Completion,教務
　　卒業,graduation,教務
　卒業者,graduate,教務
　　共通教育賞,Osaka University Award for Outstanding Contributions to General Education,教務
退学,withdrawal,教務
　　退学する,withdraw,教務
　　除籍,removal from register,教務
　　除籍する,remove from register,教務
　　放学,expulsion,教務
　　放学する,expel,教務
宿舎,dormitory/hall of residence,教務
　　大阪大学国際交流会館,Osaka University International House,教務
　　大阪大学国際交流会館吹田分館,"Osaka University International House, Suita",教務
　　大阪大学吹田留学生会館,Osaka University Suita International Student Dormitory,教務
大阪大学箕面留学生会館,Osaka University Minoh International Student Dormitory,教務
　　大阪大学新稲国際寮,Osaka University Niina International Dormitory,教務
　　大阪大学春日丘ハウス,Osaka University Kasugaoka House,教務
大阪大学津雲台国際学生宿舎,Osaka University Tsukumodai International Student Dormitory,教務
　文部科学省,"Ministry of Education, Culture, Sports, Science and Technology (MEXT)",参考用語
　　国立大学法人,National University Corporation,参考用語
科学技術・学術審議会,Council for Science and Technology,参考用語
ユネスコバイオテクノロジー国際研修講座,UNESCO Postgraduate Inter-University Course in Biotechnology,参考用語
　在外研究員制度,Program for Overseas Research,参考用語
　国際研究集会派遣制度,Program for International Research Conference,参考用語
　大学間学術交流協定,Inter-University (International) Academic Exchange Agreement,参考用語
　部局間学術交流協定,Inter-Faculty (International) Academic Exchange Agreement,参考用語
　大学間協定,Inter-university Exchange Agreement,参考用語
　部局間協定,Faculty-level Exchange Agreement,参考用語
　　学術行政,academic administration,参考用語
　　学術予算,academic budget,参考用語
　　学術研究,academic research,参考用語
　　研究協力,research cooperation,参考用語
　　研究助成,research aid,参考用語
　受託研究員制度,commissioned researcher system,参考用語
　奨学寄附金,donations for research,参考用語
　受託研究,commissioned research/ contract research,参考用語
企業等との共同研究,joint research with the private sector,参考用語
　共同研究,joint research/ collaborative research,参考用語
産学官連携,university-industry-government collaboration,参考用語
　臨床研究,clinical research,参考用語
　科学研究費補助金,grants-in-aid for scientific research,参考用語
　　　特別推進研究,Specially Promoted Research,参考用語
　　　特定領域研究,Scientific Research in Priority Areas,参考用語
　　　基盤研究,Fundamental Research,参考用語
　　　萌芽的研究,Exploratory Research,参考用語
若手研究,Grant-in-aid for Young Scientists,参考用語
奨励研究,Encouragement of Scientists,参考用語
特別研究促進費,grant-in-aid for special purposes,参考用語
　  研究成果公開発表,publication of research results,参考用語
　　学術定期刊行物,academic periodicals,参考用語
　　学術図書,academic literature,参考用語
　　データベース,databases,参考用語
　　特定奨励費,Specially Designated Research Promotion Fund,参考用語
　　特別研究員奨励費,Grant-in-Aid for JSPS Fellows,参考用語
　　学術創成研究費,Creative Scientific Research  Fund,参考用語
　　学術研究特別支援事業,New Research Initiatives in Humanities and Social Sciences,参考用語
　　未来開拓学術研究推進事業,Research for the Future Program,参考用語
　　世界的研究教育拠点の形成のための重点的支援,Targeted Support for Creating World-level Research and Education Bases,参考用語
　　グローバルCOEプログラム,Global COE Program,参考用語
特別研究員制度,Research Fellowships for Young Scientists,参考用語
海外特別研究員制度,Postdoctoral Fellowships for Research Abroad,参考用語
　　外国人特別研究員制度（日本学術振興会）,JSPS Postdoctoral Fellowships for Foreign Researcher,参考用語
　　外国人特別研究員制度（欧米・短期）（日本,JSPS Postdoctoral Fellowship Program (Short-term) for North American,参考用語
学術振興会）,and European Researchers,参考用語
　　サマー・プログラム（日本学術振興会）,JSPS Summer Program,参考用語
　　外国人招へい研究者（日本学術振興会）,JSPS Invitation Fellowships for Research in Japan,参考用語
　　外国人著名研究者（日本学術振興会）,JSPS Award for Eminent Scientists,参考用語
　　国際研究集会（日本学術振興会）,JSPS International Scientific Meetings in Japan,参考用語
　　研究者国際交流センター（日本学術振興会）,JSPS Fellows Plaza,参考用語
　　学術システム研究センター,Research Center for Science System,参考用語
　　国際生物学賞,International Prize for Biology,参考用語
　　海外研究連絡センター,Overseas Liaison Office,参考用語
　産学連携等研究費,Research Fund for Co-operation between Industry and Academia,参考用語
　　教育基本法,Fundamental Law of Education,参考用語
学校教育法,School Education Law,参考用語
国立学校設置法,National School Establishment Law,参考用語
大学設置基準,Standards for the Establishment of Universities,参考用語
大学院設置基準,Standards for the Establishment of Graduate Schools,参考用語
国家公務員法,National Public Service Personnel Law,参考用語
教育公務員特例法,Law for Special Regulations Concerning Educational Public Service Personnel,参考用語
一般職の職員の給与等に関する法律,"Law Concerning Remuneration, Working Hours and Leaves of National Public Employees in Regular Service",参考用語
　労働基準法,Labor Standards Law,参考用語
　　大学教員等の給与等に関する法律,Law Concerning Term of Office for University Teachers,参考用語
　　国連児童基金,United Nations Children’s Fund (UNICEF),参考用語
　　国連教育科学文化機関,"United Nations Educational, Scientific and Cultural Organization (UNESCO)",参考用語
　　世界知的所有権機関,World Intellectual Property Organization (WIPO),参考用語
　　経済協力開発機構,Organization for Economic Cooperation and Development (OECD),参考用語
東南アジア文部大臣機構,Southeast Asian Ministers of Education Organization (SEAMEO),参考用語
　　アジア・太平洋経済協力会議,Asia-Pacific Economic Cooperation Conference (APEC),参考用語
　　国際ﾋｭｰﾏﾝ･ﾌﾛﾝﾃｨｱ･ｻｲｴﾝｽﾌﾟﾛｸﾞﾗﾑ推進機構,The International Human Frontier Science Program Organization (HFSPO),参考用語
　　国際科学技術センター,International Science and Technology Center (ISTC),参考用語
　　日米教育委員会,The Japan-United States Educational Commission (JUSEC),参考用語
　　環太平洋大学協会,Association of Pacific Rim Universities (APRU),参考用語
　　アジア太平洋大学交流機構,University Mobility in Asia and the Pacific (UMAP),参考用語
東アジア研究型大学協会,Association of East Asian Research Universities (AEARU),参考用語
　  拠点大学方式による東南アジア諸国との学術交流,The Core University Systems and the Southeast Asian Academic Exchange Program,参考用語
　　総合科学技術会議,Council for Science and Technology Policy,参考用語
　　大学共同利用機関,Inter-University Research Institute,参考用語
　　全国共同利用・共同研究拠点,Joint Usage / Joint Research Center,参考用語
　　独立行政法人日本学生支援機構,Japan Student Services Organization (JASSO),参考用語
　　独立行政法人日本学術振興会,Japan Society for the Promotion of Science (JSPS),参考用語
　　日本学術会議,Science Council of Japan,参考用語
独立行政法人科学技術振興機構,Japan Science and Technology Agency (JST),参考用語
　　国際協力銀行,Japan Bank for International Cooperation (JBIC),参考用語
　　独立行政法人国際協力機構,Japan International Cooperation Agency (JICA),参考用語
　　独立行政法人国際交流基金,Japan Foundation,参考用語
　　政府開発援助,official development assistance (ODA),参考用語
国際連合大学,The United Nations University (UNU),参考用語
　　国際大学連合,International Association of Universities (IAU),参考用語
　　学校教育,school education,参考用語
　　通信教育,correspondence course,参考用語
　　職業教育,vocational education,参考用語
　　社会教育,social education,参考用語
　　リフレッシュ教育,refresh education/ refresh course,参考用語
　　特殊教育,special education,参考用語
生涯学習,lifelong learning,参考用語
　治験,Clinical Trials,参考用語
　一般管理費,General Management Expenses,参考用語
　科学技術振興調整費,Special Coordination Funds for Promoting Science and Technology,参考用語
　科学技術振興費,Science and Technology Promotion Expenditure,参考用語
　　非常勤研究員経費,Part-time Researcher Budget/Expenses,参考用語
　　ティーチング・アシスタント経費,Teaching Assistant Budget/Expenses,参考用語
　　法人化対応経費,Budget/Expenses Involved in Changing to National University Corporation Status,参考用語
　　教育研究等重点推進経費,Budget/Expenses for Promoting Priority Education and Research,参考用語
　　全学強化経費,Budget/Expenses for University Enhancement,参考用語
　　全学維持経費,Budget/Expenses for Maintaining University Education and Research,参考用語
　　間接経費,Indirect Research Budget/Expenses,参考用語
　　特別経費,Special Budget/Expenses,参考用語
　　法人本部等経費,Corporate Headquarters Budget/Expenses,参考用語
　　事務局運営経費,Budget/Expenses for Management of Administration Bureau,参考用語
　　非常勤職員手当,Allowance for Part-time Employees,参考用語
　　大学基盤推進経費,Budget/Expenses for Promoting University Infrastructure,参考用語
　　湯川記念室運営費,Budget/Expenses for Management of Osaka University Yukawa Memorial,参考用語
　　病院運営経費,Budget/Expenses for Management of University Hospital,参考用語
　　産学官連携推進活動経費,"Budget/Expenses for Promoting University, Industry, and Government Collaboration",参考用語
　　厚生労働科学研究費補助金,Health and Labor Sciences Research Grants,参考用語
　　産業技術研究助成事業費助成金,Grants for Industrial Technology Research,参考用語
　　環境技術開発等推進費補助金,Grants for Promoting the Development of Environmental Technology,参考用語
　　産学官連携ｲﾉﾍﾞｰｼｮﾝ創出事業費補助金,Grants for Industry-Academia-Government Cooperation to Create Innovation,参考用語
　　大学改革推進等補助金（大学改革推進経費）,Grants for Promoting University Reform ( Budget/Expenses for Promoting University Reform),参考用語
　　新興・再興感染症研究拠点形成委託費,Fund for Founding Research Centers for Emerging and Reemerging Infectious,参考用語
　　最先端学術情報基盤（CSI）構築推進事業委託費,Fund for Creation of a State-of-the-Art Academic-Information Infrastructure (CSI),参考用語
　　研究拠点形成費等補助金（若手研究者養成費）,Grants for Creating Research and Education Bases (for Fostering Young Researchers),参考用語
　　研究拠点形成費等補助金（研究拠点形成費）,Grants for Creating Research and Education Bases (for the Formation of Research Centers),参考用語
学生教育研究災害傷害保険,Personal Accident Insurance for Student Pursuing Education and Research,参考用語